"レッスン日","レッスン曜日","開始時刻","終了時刻","店舗コード","店舗名","ルームコード","ルーム名","スペースコード","スペース名","スペース数","プログラムコード","プログラム名","スタッフコード","スタッフ名","総予約数","受講前数","プラン予約数","チケット予約数","チェックイン数","チェックアウト数","無断キャンセル数","キャンセル待ち数","トライアル予約数","無料体験予約数","稼働率"
"2024/09/01","日","09:45","11:45","S0001","HAAAVE.","S0001_R0002","Room2","S0001_SP0002","Room2","1","PG0002","[Room2] 120分","","","1","0","0","0","1","0","0","0","1","0","100%"
"2024/09/01","日","10:15","12:15","S0001","HAAAVE.","S0001_R0001","Room1","S0001_SP0001","Room1","1","PG0001","[Room1] 120分","","","0","0","0","0","0","0","0","0","0","0","0%"
"2024/09/01","日","11:00","13:00","S0001","HAAAVE.","S0001_R0003","Room3","S0001_SP0003","Room3","1","PG0003","[Room3] 120分","","","1","0","0","0","1","0","0","0","1","0","100%"
"2024/09/01","日","12:45","14:45","S0001","HAAAVE.","S0001_R0002","Room2","S0001_SP0002","Room2","1","PG0002","[Room2] 120分","","","1","0","0","0","1","0","0","0","1","0","100%"
"2024/09/01","日","13:15","15:15","S0001","HAAAVE.","S0001_R0001","Room1","S0001_SP0001","Room1","1","PG0001","[Room1] 120分","","","1","0","0","0","1","0","0","0","1","0","100%"
"2024/09/01","日","14:30","16:30","S0001","HAAAVE.","S0001_R0003","Room3","S0001_SP0003","Room3","1","PG0003","[Room3] 120分","","","0","0","0","0","0","0","0","0","0","0","0%"
"2024/09/01","日","16:00","18:00","S0001","HAAAVE.","S0001_R0002","Room2","S0001_SP0002","Room2","1","PG0002","[Room2] 120分","","","1","0","0","0","1","0","0","0","1","0","100%"
"2024/09/01","日","16:15","18:15","S0001","HAAAVE.","S0001_R0001","Room1","S0001_SP0001","Room1","1","PG0001","[Room1] 120分","","","1","0","0","0","1","0","0","0","1","0","100%"
"2024/09/01","日","17:45","19:45","S0001","HAAAVE.","S0001_R0003","Room3","S0001_SP0003","Room3","1","PG0003","[Room3] 120分","","","1","0","0","1","1","0","0","0","0","0","100%"
"2024/09/01","日","19:00","21:00","S0001","HAAAVE.","S0001_R0002","Room2","S0001_SP0002","Room2","1","PG0002","[Room2] 120分","","","1","0","0","0","1","0","0","0","1","0","100%"
"2024/09/01","日","19:30","21:30","S0001","HAAAVE.","S0001_R0001","Room1","S0001_SP0001","Room1","1","PG0001","[Room1] 120分","","","1","0","0","0","1","0","0","0","1","0","100%"
"2024/09/01","日","21:15","23:15","S0001","HAAAVE.","S0001_R0003","Room3","S0001_SP0003","Room3","1","PG0003","[Room3] 120分","","","1","0","0","0","1","0","0","0","1","0","100%"
"2024/09/01","日","22:00","00:00","S0001","HAAAVE.","S0001_R0002","Room2","S0001_SP0002","Room2","1","PG0002","[Room2] 120分","","","1","0","0","0","1","0","0","0","1","0","100%"
"2024/09/01","日","22:30","00:30","S0001","HAAAVE.","S0001_R0001","Room1","S0001_SP0001","Room1","1","PG0001","[Room1] 120分","","","1","0","0","1","1","0","0","0","0","0","100%"
"2024/09/02","月","10:00","12:00","S0001","HAAAVE.","S0001_R0002","Room2","S0001_SP0002","Room2","1","PG0002","[Room2] 120分","","","0","0","0","0","0","0","0","0","0","0","0%"
"2024/09/02","月","10:30","12:30","S0001","HAAAVE.","S0001_R0001","Room1","S0001_SP0001","Room1","1","PG0001","[Room1] 120分","","","0","0","0","0","0","0","0","0","0","0","0%"
"2024/09/02","月","11:15","13:15","S0001","HAAAVE.","S0001_R0003","Room3","S0001_SP0003","Room3","1","PG0003","[Room3] 120分","","","0","0","0","0","0","0","0","0","0","0","0%"
"2024/09/02","月","13:00","15:00","S0001","HAAAVE.","S0001_R0002","Room2","S0001_SP0002","Room2","1","PG0002","[Room2] 120分","","","0","0","0","0","0","0","0","0","0","0","0%"
"2024/09/02","月","14:30","16:30","S0001","HAAAVE.","S0001_R0001","Room1","S0001_SP0001","Room1","1","PG0001","[Room1] 120分","","","1","0","0","0","1","0","0","0","1","0","100%"
"2024/09/02","月","14:45","16:45","S0001","HAAAVE.","S0001_R0003","Room3","S0001_SP0003","Room3","1","PG0003","[Room3] 120分","","","0","0","0","0","0","0","0","0","0","0","0%"
"2024/09/02","月","16:00","18:00","S0001","HAAAVE.","S0001_R0002","Room2","S0001_SP0002","Room2","1","PG0002","[Room2] 120分","","","1","0","0","0","1","0","0","0","1","0","100%"
"2024/09/02","月","17:45","19:45","S0001","HAAAVE.","S0001_R0001","Room1","S0001_SP0001","Room1","1","PG0001","[Room1] 120分","","","0","0","0","0","0","0","0","0","0","0","0%"
"2024/09/02","月","18:15","20:15","S0001","HAAAVE.","S0001_R0003","Room3","S0001_SP0003","Room3","1","PG0003","[Room3] 120分","","","0","0","0","0","0","0","0","0","0","0","0%"
"2024/09/02","月","19:00","21:00","S0001","HAAAVE.","S0001_R0002","Room2","S0001_SP0002","Room2","1","PG0002","[Room2] 120分","","","1","0","0","0","1","0","0","0","1","0","100%"
"2024/09/02","月","21:30","23:30","S0001","HAAAVE.","S0001_R0001","Room1","S0001_SP0001","Room1","1","PG0001","[Room1] 120分","","","1","0","0","0","1","0","0","0","1","0","100%"
"2024/09/02","月","21:45","23:45","S0001","HAAAVE.","S0001_R0003","Room3","S0001_SP0003","Room3","1","PG0003","[Room3] 120分","","","0","0","0","0","0","0","0","0","0","0","0%"
"2024/09/02","月","22:15","00:15","S0001","HAAAVE.","S0001_R0002","Room2","S0001_SP0002","Room2","1","PG0002","[Room2] 120分","","","1","0","0","0","1","0","0","0","1","0","100%"
"2024/09/03","火","10:00","12:00","S0001","HAAAVE.","S0001_R0002","Room2","S0001_SP0002","Room2","1","PG0002","[Room2] 120分","","","0","0","0","0","0","0","0","0","0","0","0%"
"2024/09/03","火","10:30","12:30","S0001","HAAAVE.","S0001_R0001","Room1","S0001_SP0001","Room1","1","PG0001","[Room1] 120分","","","0","0","0","0","0","0","0","0","0","0","0%"
"2024/09/03","火","11:15","13:15","S0001","HAAAVE.","S0001_R0003","Room3","S0001_SP0003","Room3","1","PG0003","[Room3] 120分","","","0","0","0","0","0","0","0","0","0","0","0%"
"2024/09/03","火","13:00","15:00","S0001","HAAAVE.","S0001_R0002","Room2","S0001_SP0002","Room2","1","PG0002","[Room2] 120分","","","1","0","0","1","1","0","0","0","0","0","100%"
"2024/09/03","火","14:30","16:30","S0001","HAAAVE.","S0001_R0001","Room1","S0001_SP0001","Room1","1","PG0001","[Room1] 120分","","","1","0","0","0","1","0","0","0","1","0","100%"
"2024/09/03","火","14:45","16:45","S0001","HAAAVE.","S0001_R0003","Room3","S0001_SP0003","Room3","1","PG0003","[Room3] 120分","","","1","0","0","1","0","0","1","0","0","0","0%"
"2024/09/03","火","16:00","18:00","S0001","HAAAVE.","S0001_R0002","Room2","S0001_SP0002","Room2","1","PG0002","[Room2] 120分","","","0","0","0","0","0","0","0","0","0","0","0%"
"2024/09/03","火","17:45","19:45","S0001","HAAAVE.","S0001_R0001","Room1","S0001_SP0001","Room1","1","PG0001","[Room1] 120分","","","1","0","0","1","0","0","1","0","0","0","0%"
"2024/09/03","火","18:15","20:15","S0001","HAAAVE.","S0001_R0003","Room3","S0001_SP0003","Room3","1","PG0003","[Room3] 120分","","","1","0","0","1","1","0","0","0","0","0","100%"
"2024/09/03","火","19:00","21:00","S0001","HAAAVE.","S0001_R0002","Room2","S0001_SP0002","Room2","1","PG0002","[Room2] 120分","","","1","0","0","1","1","0","0","0","0","0","100%"
"2024/09/03","火","21:30","23:30","S0001","HAAAVE.","S0001_R0001","Room1","S0001_SP0001","Room1","1","PG0001","[Room1] 120分","","","1","0","0","0","1","0","0","0","1","0","100%"
"2024/09/03","火","21:45","23:45","S0001","HAAAVE.","S0001_R0003","Room3","S0001_SP0003","Room3","1","PG0003","[Room3] 120分","","","1","0","0","1","1","0","0","0","0","0","100%"
"2024/09/03","火","22:15","00:15","S0001","HAAAVE.","S0001_R0002","Room2","S0001_SP0002","Room2","1","PG0002","[Room2] 120分","","","1","0","0","0","1","0","0","0","1","0","100%"
"2024/09/04","水","10:00","12:00","S0001","HAAAVE.","S0001_R0002","Room2","S0001_SP0002","Room2","1","PG0002","[Room2] 120分","","","0","0","0","0","0","0","0","0","0","0","0%"
"2024/09/04","水","10:30","12:30","S0001","HAAAVE.","S0001_R0001","Room1","S0001_SP0001","Room1","1","PG0001","[Room1] 120分","","","1","0","0","0","1","0","0","0","1","0","100%"
"2024/09/04","水","11:15","13:15","S0001","HAAAVE.","S0001_R0003","Room3","S0001_SP0003","Room3","1","PG0003","[Room3] 120分","","","0","0","0","0","0","0","0","0","0","0","0%"
"2024/09/04","水","13:00","15:00","S0001","HAAAVE.","S0001_R0002","Room2","S0001_SP0002","Room2","1","PG0002","[Room2] 120分","","","1","0","0","0","1","0","0","0","1","0","100%"
"2024/09/04","水","14:30","16:30","S0001","HAAAVE.","S0001_R0001","Room1","S0001_SP0001","Room1","1","PG0001","[Room1] 120分","","","0","0","0","0","0","0","0","0","0","0","0%"
"2024/09/04","水","14:45","16:45","S0001","HAAAVE.","S0001_R0003","Room3","S0001_SP0003","Room3","1","PG0003","[Room3] 120分","","","0","0","0","0","0","0","0","0","0","0","0%"
"2024/09/04","水","16:00","18:00","S0001","HAAAVE.","S0001_R0002","Room2","S0001_SP0002","Room2","1","PG0002","[Room2] 120分","","","0","0","0","0","0","0","0","0","0","0","0%"
"2024/09/04","水","17:45","19:45","S0001","HAAAVE.","S0001_R0001","Room1","S0001_SP0001","Room1","1","PG0001","[Room1] 120分","","","0","0","0","0","0","0","0","0","0","0","0%"
"2024/09/04","水","18:15","20:15","S0001","HAAAVE.","S0001_R0003","Room3","S0001_SP0003","Room3","1","PG0003","[Room3] 120分","","","0","0","0","0","0","0","0","0","0","0","0%"
"2024/09/04","水","19:00","21:00","S0001","HAAAVE.","S0001_R0002","Room2","S0001_SP0002","Room2","1","PG0002","[Room2] 120分","","","0","0","0","0","0","0","0","0","0","0","0%"
"2024/09/04","水","21:30","23:30","S0001","HAAAVE.","S0001_R0001","Room1","S0001_SP0001","Room1","1","PG0001","[Room1] 120分","","","1","0","0","0","1","0","0","0","1","0","100%"
"2024/09/04","水","21:45","23:45","S0001","HAAAVE.","S0001_R0003","Room3","S0001_SP0003","Room3","1","PG0003","[Room3] 120分","","","1","0","0","1","1","0","0","0","0","0","100%"
"2024/09/04","水","22:15","00:15","S0001","HAAAVE.","S0001_R0002","Room2","S0001_SP0002","Room2","1","PG0002","[Room2] 120分","","","1","0","0","0","1","0","0","0","1","0","100%"
"2024/09/05","木","10:00","12:00","S0001","HAAAVE.","S0001_R0002","Room2","S0001_SP0002","Room2","1","PG0002","[Room2] 120分","","","0","0","0","0","0","0","0","0","0","0","0%"
"2024/09/05","木","10:30","12:30","S0001","HAAAVE.","S0001_R0001","Room1","S0001_SP0001","Room1","1","PG0001","[Room1] 120分","","","0","0","0","0","0","0","0","0","0","0","0%"
"2024/09/05","木","11:15","13:15","S0001","HAAAVE.","S0001_R0003","Room3","S0001_SP0003","Room3","1","PG0003","[Room3] 120分","","","0","0","0","0","0","0","0","0","0","0","0%"
"2024/09/05","木","13:00","15:00","S0001","HAAAVE.","S0001_R0002","Room2","S0001_SP0002","Room2","1","PG0002","[Room2] 120分","","","0","0","0","0","0","0","0","0","0","0","0%"
"2024/09/05","木","14:30","16:30","S0001","HAAAVE.","S0001_R0001","Room1","S0001_SP0001","Room1","1","PG0001","[Room1] 120分","","","0","0","0","0","0","0","0","0","0","0","0%"
"2024/09/05","木","14:45","16:45","S0001","HAAAVE.","S0001_R0003","Room3","S0001_SP0003","Room3","1","PG0003","[Room3] 120分","","","1","0","0","1","0","0","1","0","0","0","0%"
"2024/09/05","木","16:00","18:00","S0001","HAAAVE.","S0001_R0002","Room2","S0001_SP0002","Room2","1","PG0002","[Room2] 120分","","","0","0","0","0","0","0","0","0","0","0","0%"
"2024/09/05","木","17:45","19:45","S0001","HAAAVE.","S0001_R0001","Room1","S0001_SP0001","Room1","1","PG0001","[Room1] 120分","","","1","0","0","0","1","0","0","0","1","0","100%"
"2024/09/05","木","18:15","20:15","S0001","HAAAVE.","S0001_R0003","Room3","S0001_SP0003","Room3","1","PG0003","[Room3] 120分","","","0","0","0","0","0","0","0","0","0","0","0%"
"2024/09/05","木","19:00","21:00","S0001","HAAAVE.","S0001_R0002","Room2","S0001_SP0002","Room2","1","PG0002","[Room2] 120分","","","0","0","0","0","0","0","0","0","0","0","0%"
"2024/09/05","木","21:30","23:30","S0001","HAAAVE.","S0001_R0001","Room1","S0001_SP0001","Room1","1","PG0001","[Room1] 120分","","","0","0","0","0","0","0","0","0","0","0","0%"
"2024/09/05","木","21:45","23:45","S0001","HAAAVE.","S0001_R0003","Room3","S0001_SP0003","Room3","1","PG0003","[Room3] 120分","","","0","0","0","0","0","0","0","0","0","0","0%"
"2024/09/05","木","22:15","00:15","S0001","HAAAVE.","S0001_R0002","Room2","S0001_SP0002","Room2","1","PG0002","[Room2] 120分","","","1","0","0","1","1","0","0","0","0","0","100%"
"2024/09/06","金","10:00","12:00","S0001","HAAAVE.","S0001_R0002","Room2","S0001_SP0002","Room2","1","PG0002","[Room2] 120分","","","0","0","0","0","0","0","0","0","0","0","0%"
"2024/09/06","金","10:30","12:30","S0001","HAAAVE.","S0001_R0001","Room1","S0001_SP0001","Room1","1","PG0001","[Room1] 120分","","","1","0","0","0","1","0","0","0","1","0","100%"
"2024/09/06","金","11:15","13:15","S0001","HAAAVE.","S0001_R0003","Room3","S0001_SP0003","Room3","1","PG0003","[Room3] 120分","","","0","0","0","0","0","0","0","0","0","0","0%"
"2024/09/06","金","13:00","15:00","S0001","HAAAVE.","S0001_R0002","Room2","S0001_SP0002","Room2","1","PG0002","[Room2] 120分","","","0","0","0","0","0","0","0","0","0","0","0%"
"2024/09/06","金","14:30","16:30","S0001","HAAAVE.","S0001_R0001","Room1","S0001_SP0001","Room1","1","PG0001","[Room1] 120分","","","1","0","0","0","1","0","0","0","1","0","100%"
"2024/09/06","金","14:45","16:45","S0001","HAAAVE.","S0001_R0003","Room3","S0001_SP0003","Room3","1","PG0003","[Room3] 120分","","","1","0","0","0","1","0","0","0","1","0","100%"
"2024/09/06","金","16:00","18:00","S0001","HAAAVE.","S0001_R0002","Room2","S0001_SP0002","Room2","1","PG0002","[Room2] 120分","","","1","0","0","1","1","0","0","0","0","0","100%"
"2024/09/06","金","17:45","19:45","S0001","HAAAVE.","S0001_R0001","Room1","S0001_SP0001","Room1","1","PG0001","[Room1] 120分","","","0","0","0","0","0","0","0","0","0","0","0%"
"2024/09/06","金","18:15","20:15","S0001","HAAAVE.","S0001_R0003","Room3","S0001_SP0003","Room3","1","PG0003","[Room3] 120分","","","0","0","0","0","0","0","0","0","0","0","0%"
"2024/09/06","金","19:00","21:00","S0001","HAAAVE.","S0001_R0002","Room2","S0001_SP0002","Room2","1","PG0002","[Room2] 120分","","","0","0","0","0","0","0","0","0","0","0","0%"
"2024/09/06","金","21:30","23:30","S0001","HAAAVE.","S0001_R0001","Room1","S0001_SP0001","Room1","1","PG0001","[Room1] 120分","","","1","0","0","0","1","0","0","0","1","0","100%"
"2024/09/06","金","21:45","23:45","S0001","HAAAVE.","S0001_R0003","Room3","S0001_SP0003","Room3","1","PG0003","[Room3] 120分","","","1","0","0","0","1","0","0","0","1","0","100%"
"2024/09/06","金","22:15","00:15","S0001","HAAAVE.","S0001_R0002","Room2","S0001_SP0002","Room2","1","PG0002","[Room2] 120分","","","0","0","0","0","0","0","0","0","0","0","0%"
"2024/09/07","土","09:45","11:45","S0001","HAAAVE.","S0001_R0001","Room1","S0001_SP0001","Room1","1","PG0001","[Room1] 120分","","","1","0","0","0","1","0","0","0","1","0","100%"
"2024/09/07","土","10:15","12:15","S0001","HAAAVE.","S0001_R0002","Room2","S0001_SP0002","Room2","1","PG0002","[Room2] 120分","","","0","0","0","0","0","0","0","0","0","0","0%"
"2024/09/07","土","11:00","13:00","S0001","HAAAVE.","S0001_R0003","Room3","S0001_SP0003","Room3","1","PG0003","[Room3] 120分","","","0","0","0","0","0","0","0","0","0","0","0%"
"2024/09/07","土","12:45","14:45","S0001","HAAAVE.","S0001_R0001","Room1","S0001_SP0001","Room1","1","PG0001","[Room1] 120分","","","1","0","0","1","1","0","0","0","0","0","100%"
"2024/09/07","土","13:15","15:15","S0001","HAAAVE.","S0001_R0002","Room2","S0001_SP0002","Room2","1","PG0002","[Room2] 120分","","","1","0","0","1","1","0","0","0","0","0","100%"
"2024/09/07","土","14:30","16:30","S0001","HAAAVE.","S0001_R0003","Room3","S0001_SP0003","Room3","1","PG0003","[Room3] 120分","","","1","0","0","0","1","0","0","0","1","0","100%"
"2024/09/07","土","16:00","18:00","S0001","HAAAVE.","S0001_R0001","Room1","S0001_SP0001","Room1","1","PG0001","[Room1] 120分","","","0","0","0","0","0","0","0","0","0","0","0%"
"2024/09/07","土","16:15","18:15","S0001","HAAAVE.","S0001_R0002","Room2","S0001_SP0002","Room2","1","PG0002","[Room2] 120分","","","1","0","0","0","1","0","0","0","1","0","100%"
"2024/09/07","土","17:45","19:45","S0001","HAAAVE.","S0001_R0003","Room3","S0001_SP0003","Room3","1","PG0003","[Room3] 120分","","","0","0","0","0","0","0","0","0","0","0","0%"
"2024/09/07","土","19:00","21:00","S0001","HAAAVE.","S0001_R0001","Room1","S0001_SP0001","Room1","1","PG0001","[Room1] 120分","","","1","0","0","0","1","0","0","0","1","0","100%"
"2024/09/07","土","19:30","21:30","S0001","HAAAVE.","S0001_R0002","Room2","S0001_SP0002","Room2","1","PG0002","[Room2] 120分","","","1","0","0","0","1","0","0","0","1","0","100%"
"2024/09/07","土","21:15","23:15","S0001","HAAAVE.","S0001_R0003","Room3","S0001_SP0003","Room3","1","PG0003","[Room3] 120分","","","1","0","0","1","1","0","0","0","0","0","100%"
"2024/09/07","土","22:00","00:00","S0001","HAAAVE.","S0001_R0001","Room1","S0001_SP0001","Room1","1","PG0001","[Room1] 120分","","","0","0","0","0","0","0","0","0","0","0","0%"
"2024/09/07","土","22:30","00:30","S0001","HAAAVE.","S0001_R0002","Room2","S0001_SP0002","Room2","1","PG0002","[Room2] 120分","","","1","0","0","0","1","0","0","0","1","0","100%"
"2024/09/08","日","09:45","11:45","S0001","HAAAVE.","S0001_R0001","Room1","S0001_SP0001","Room1","1","PG0001","[Room1] 120分","","","0","0","0","0","0","0","0","0","0","0","0%"
"2024/09/08","日","10:15","12:15","S0001","HAAAVE.","S0001_R0002","Room2","S0001_SP0002","Room2","1","PG0002","[Room2] 120分","","","0","0","0","0","0","0","0","0","0","0","0%"
"2024/09/08","日","11:00","13:00","S0001","HAAAVE.","S0001_R0003","Room3","S0001_SP0003","Room3","1","PG0003","[Room3] 120分","","","0","0","0","0","0","0","0","0","0","0","0%"
"2024/09/08","日","12:45","14:45","S0001","HAAAVE.","S0001_R0001","Room1","S0001_SP0001","Room1","1","PG0001","[Room1] 120分","","","1","0","0","0","1","0","0","0","1","0","100%"
"2024/09/08","日","13:15","15:15","S0001","HAAAVE.","S0001_R0002","Room2","S0001_SP0002","Room2","1","PG0002","[Room2] 120分","","","1","0","0","0","1","0","0","0","1","0","100%"
"2024/09/08","日","14:30","16:30","S0001","HAAAVE.","S0001_R0003","Room3","S0001_SP0003","Room3","1","PG0003","[Room3] 120分","","","1","0","0","0","1","0","0","0","1","0","100%"
"2024/09/08","日","16:00","18:00","S0001","HAAAVE.","S0001_R0001","Room1","S0001_SP0001","Room1","1","PG0001","[Room1] 120分","","","1","0","0","0","1","0","0","0","1","0","100%"
"2024/09/08","日","16:15","18:15","S0001","HAAAVE.","S0001_R0002","Room2","S0001_SP0002","Room2","1","PG0002","[Room2] 120分","","","1","0","0","0","1","0","0","0","1","0","100%"
"2024/09/08","日","17:45","19:45","S0001","HAAAVE.","S0001_R0003","Room3","S0001_SP0003","Room3","1","PG0003","[Room3] 120分","","","1","0","0","1","0","0","1","0","0","0","0%"
"2024/09/08","日","19:00","21:00","S0001","HAAAVE.","S0001_R0001","Room1","S0001_SP0001","Room1","1","PG0001","[Room1] 120分","","","1","0","0","0","1","0","0","0","1","0","100%"
"2024/09/08","日","19:30","21:30","S0001","HAAAVE.","S0001_R0002","Room2","S0001_SP0002","Room2","1","PG0002","[Room2] 120分","","","1","0","0","0","1","0","0","0","1","0","100%"
"2024/09/08","日","21:15","23:15","S0001","HAAAVE.","S0001_R0003","Room3","S0001_SP0003","Room3","1","PG0003","[Room3] 120分","","","1","0","0","0","1","0","0","0","1","0","100%"
"2024/09/08","日","22:00","00:00","S0001","HAAAVE.","S0001_R0001","Room1","S0001_SP0001","Room1","1","PG0001","[Room1] 120分","","","1","0","0","0","1","0","0","0","1","0","100%"
"2024/09/08","日","22:30","00:30","S0001","HAAAVE.","S0001_R0002","Room2","S0001_SP0002","Room2","1","PG0002","[Room2] 120分","","","1","0","0","0","1","0","0","0","1","0","100%"
"2024/09/09","月","10:00","12:00","S0001","HAAAVE.","S0001_R0001","Room1","S0001_SP0001","Room1","1","PG0001","[Room1] 120分","","","0","0","0","0","0","0","0","0","0","0","0%"
"2024/09/09","月","10:30","12:30","S0001","HAAAVE.","S0001_R0002","Room2","S0001_SP0002","Room2","1","PG0002","[Room2] 120分","","","0","0","0","0","0","0","0","0","0","0","0%"
"2024/09/09","月","11:15","13:15","S0001","HAAAVE.","S0001_R0003","Room3","S0001_SP0003","Room3","1","PG0003","[Room3] 120分","","","0","0","0","0","0","0","0","0","0","0","0%"
"2024/09/09","月","13:00","15:00","S0001","HAAAVE.","S0001_R0001","Room1","S0001_SP0001","Room1","1","PG0001","[Room1] 120分","","","1","0","0","1","1","0","0","0","0","0","100%"
"2024/09/09","月","14:30","16:30","S0001","HAAAVE.","S0001_R0002","Room2","S0001_SP0002","Room2","1","PG0002","[Room2] 120分","","","0","0","0","0","0","0","0","0","0","0","0%"
"2024/09/09","月","14:45","16:45","S0001","HAAAVE.","S0001_R0003","Room3","S0001_SP0003","Room3","1","PG0003","[Room3] 120分","","","0","0","0","0","0","0","0","0","0","0","0%"
"2024/09/09","月","16:00","18:00","S0001","HAAAVE.","S0001_R0001","Room1","S0001_SP0001","Room1","1","PG0001","[Room1] 120分","","","0","0","0","0","0","0","0","0","0","0","0%"
"2024/09/09","月","17:45","19:45","S0001","HAAAVE.","S0001_R0002","Room2","S0001_SP0002","Room2","1","PG0002","[Room2] 120分","","","0","0","0","0","0","0","0","0","0","0","0%"
"2024/09/09","月","18:15","20:15","S0001","HAAAVE.","S0001_R0003","Room3","S0001_SP0003","Room3","1","PG0003","[Room3] 120分","","","1","0","0","1","0","0","1","0","0","0","0%"
"2024/09/09","月","19:00","21:00","S0001","HAAAVE.","S0001_R0001","Room1","S0001_SP0001","Room1","1","PG0001","[Room1] 120分","","","0","0","0","0","0","0","0","0","0","0","0%"
"2024/09/09","月","21:30","23:30","S0001","HAAAVE.","S0001_R0002","Room2","S0001_SP0002","Room2","1","PG0002","[Room2] 120分","","","1","0","0","0","1","0","0","0","1","0","100%"
"2024/09/09","月","21:45","23:45","S0001","HAAAVE.","S0001_R0003","Room3","S0001_SP0003","Room3","1","PG0003","[Room3] 120分","","","1","0","0","0","1","0","0","0","1","0","100%"
"2024/09/09","月","22:15","00:15","S0001","HAAAVE.","S0001_R0001","Room1","S0001_SP0001","Room1","1","PG0001","[Room1] 120分","","","0","0","0","0","0","0","0","0","0","0","0%"
"2024/09/10","火","10:00","12:00","S0001","HAAAVE.","S0001_R0001","Room1","S0001_SP0001","Room1","1","PG0001","[Room1] 120分","","","0","0","0","0","0","0","0","0","0","0","0%"
"2024/09/10","火","10:30","12:30","S0001","HAAAVE.","S0001_R0002","Room2","S0001_SP0002","Room2","1","PG0002","[Room2] 120分","","","1","0","0","0","1","0","0","0","1","0","100%"
"2024/09/10","火","11:15","13:15","S0001","HAAAVE.","S0001_R0003","Room3","S0001_SP0003","Room3","1","PG0003","[Room3] 120分","","","0","0","0","0","0","0","0","0","0","0","0%"
"2024/09/10","火","13:00","15:00","S0001","HAAAVE.","S0001_R0001","Room1","S0001_SP0001","Room1","1","PG0001","[Room1] 120分","","","0","0","0","0","0","0","0","0","0","0","0%"
"2024/09/10","火","14:30","16:30","S0001","HAAAVE.","S0001_R0002","Room2","S0001_SP0002","Room2","1","PG0002","[Room2] 120分","","","0","0","0","0","0","0","0","0","0","0","0%"
"2024/09/10","火","14:45","16:45","S0001","HAAAVE.","S0001_R0003","Room3","S0001_SP0003","Room3","1","PG0003","[Room3] 120分","","","0","0","0","0","0","0","0","0","0","0","0%"
"2024/09/10","火","16:00","18:00","S0001","HAAAVE.","S0001_R0001","Room1","S0001_SP0001","Room1","1","PG0001","[Room1] 120分","","","0","0","0","0","0","0","0","0","0","0","0%"
"2024/09/10","火","17:45","19:45","S0001","HAAAVE.","S0001_R0002","Room2","S0001_SP0002","Room2","1","PG0002","[Room2] 120分","","","0","0","0","0","0","0","0","0","0","0","0%"
"2024/09/10","火","18:15","20:15","S0001","HAAAVE.","S0001_R0003","Room3","S0001_SP0003","Room3","1","PG0003","[Room3] 120分","","","1","0","0","1","1","0","0","0","0","0","100%"
"2024/09/10","火","19:00","21:00","S0001","HAAAVE.","S0001_R0001","Room1","S0001_SP0001","Room1","1","PG0001","[Room1] 120分","","","1","0","0","0","1","0","0","0","1","0","100%"
"2024/09/10","火","21:30","23:30","S0001","HAAAVE.","S0001_R0002","Room2","S0001_SP0002","Room2","1","PG0002","[Room2] 120分","","","1","0","0","0","1","0","0","0","1","0","100%"
"2024/09/10","火","21:45","23:45","S0001","HAAAVE.","S0001_R0003","Room3","S0001_SP0003","Room3","1","PG0003","[Room3] 120分","","","1","0","0","1","1","0","0","0","0","0","100%"
"2024/09/10","火","22:15","00:15","S0001","HAAAVE.","S0001_R0001","Room1","S0001_SP0001","Room1","1","PG0001","[Room1] 120分","","","0","0","0","0","0","0","0","0","0","0","0%"
"2024/09/11","水","18:15","20:15","S0001","HAAAVE.","S0001_R0003","Room3","S0001_SP0003","Room3","1","PG0003","[Room3] 120分","","","1","0","0","1","1","0","0","0","0","0","100%"
"2024/09/12","木","10:00","12:00","S0001","HAAAVE.","S0001_R0001","Room1","S0001_SP0001","Room1","1","PG0001","[Room1] 120分","","","0","0","0","0","0","0","0","0","0","0","0%"
"2024/09/12","木","10:30","12:30","S0001","HAAAVE.","S0001_R0002","Room2","S0001_SP0002","Room2","1","PG0002","[Room2] 120分","","","0","0","0","0","0","0","0","0","0","0","0%"
"2024/09/12","木","11:15","13:15","S0001","HAAAVE.","S0001_R0003","Room3","S0001_SP0003","Room3","1","PG0003","[Room3] 120分","","","0","0","0","0","0","0","0","0","0","0","0%"
"2024/09/12","木","13:00","15:00","S0001","HAAAVE.","S0001_R0001","Room1","S0001_SP0001","Room1","1","PG0001","[Room1] 120分","","","0","0","0","0","0","0","0","0","0","0","0%"
"2024/09/12","木","14:30","16:30","S0001","HAAAVE.","S0001_R0002","Room2","S0001_SP0002","Room2","1","PG0002","[Room2] 120分","","","0","0","0","0","0","0","0","0","0","0","0%"
"2024/09/12","木","14:45","16:45","S0001","HAAAVE.","S0001_R0003","Room3","S0001_SP0003","Room3","1","PG0003","[Room3] 120分","","","0","0","0","0","0","0","0","0","0","0","0%"
"2024/09/12","木","16:00","18:00","S0001","HAAAVE.","S0001_R0001","Room1","S0001_SP0001","Room1","1","PG0001","[Room1] 120分","","","0","0","0","0","0","0","0","0","0","0","0%"
"2024/09/12","木","17:45","19:45","S0001","HAAAVE.","S0001_R0002","Room2","S0001_SP0002","Room2","1","PG0002","[Room2] 120分","","","1","0","0","0","1","0","0","0","1","0","100%"
"2024/09/12","木","18:15","20:15","S0001","HAAAVE.","S0001_R0003","Room3","S0001_SP0003","Room3","1","PG0003","[Room3] 120分","","","0","0","0","0","0","0","0","0","0","0","0%"
"2024/09/12","木","19:00","21:00","S0001","HAAAVE.","S0001_R0001","Room1","S0001_SP0001","Room1","1","PG0001","[Room1] 120分","","","0","0","0","0","0","0","0","0","0","0","0%"
"2024/09/12","木","21:30","23:30","S0001","HAAAVE.","S0001_R0002","Room2","S0001_SP0002","Room2","1","PG0002","[Room2] 120分","","","0","0","0","0","0","0","0","0","0","0","0%"
"2024/09/12","木","21:45","23:45","S0001","HAAAVE.","S0001_R0003","Room3","S0001_SP0003","Room3","1","PG0003","[Room3] 120分","","","0","0","0","0","0","0","0","0","0","0","0%"
"2024/09/12","木","22:15","00:15","S0001","HAAAVE.","S0001_R0001","Room1","S0001_SP0001","Room1","1","PG0001","[Room1] 120分","","","0","0","0","0","0","0","0","0","0","0","0%"
"2024/09/13","金","10:00","12:00","S0001","HAAAVE.","S0001_R0001","Room1","S0001_SP0001","Room1","1","PG0001","[Room1] 120分","","","1","0","0","0","0","0","1","0","1","0","0%"
"2024/09/13","金","10:30","12:30","S0001","HAAAVE.","S0001_R0002","Room2","S0001_SP0002","Room2","1","PG0002","[Room2] 120分","","","0","0","0","0","0","0","0","0","0","0","0%"
"2024/09/13","金","11:15","13:15","S0001","HAAAVE.","S0001_R0003","Room3","S0001_SP0003","Room3","1","PG0003","[Room3] 120分","","","0","0","0","0","0","0","0","0","0","0","0%"
"2024/09/13","金","13:00","15:00","S0001","HAAAVE.","S0001_R0001","Room1","S0001_SP0001","Room1","1","PG0001","[Room1] 120分","","","0","0","0","0","0","0","0","0","0","0","0%"
"2024/09/13","金","14:30","16:30","S0001","HAAAVE.","S0001_R0002","Room2","S0001_SP0002","Room2","1","PG0002","[Room2] 120分","","","0","0","0","0","0","0","0","0","0","0","0%"
"2024/09/13","金","14:45","16:45","S0001","HAAAVE.","S0001_R0003","Room3","S0001_SP0003","Room3","1","PG0003","[Room3] 120分","","","0","0","0","0","0","0","0","0","0","0","0%"
"2024/09/13","金","16:00","18:00","S0001","HAAAVE.","S0001_R0001","Room1","S0001_SP0001","Room1","1","PG0001","[Room1] 120分","","","0","0","0","0","0","0","0","0","0","0","0%"
"2024/09/13","金","17:45","19:45","S0001","HAAAVE.","S0001_R0002","Room2","S0001_SP0002","Room2","1","PG0002","[Room2] 120分","","","0","0","0","0","0","0","0","0","0","0","0%"
"2024/09/13","金","18:15","20:15","S0001","HAAAVE.","S0001_R0003","Room3","S0001_SP0003","Room3","1","PG0003","[Room3] 120分","","","0","0","0","0","0","0","0","0","0","0","0%"
"2024/09/13","金","19:00","21:00","S0001","HAAAVE.","S0001_R0001","Room1","S0001_SP0001","Room1","1","PG0001","[Room1] 120分","","","1","0","0","0","1","0","0","0","1","0","100%"
"2024/09/13","金","21:30","23:30","S0001","HAAAVE.","S0001_R0002","Room2","S0001_SP0002","Room2","1","PG0002","[Room2] 120分","","","1","0","0","0","1","0","0","0","1","0","100%"
"2024/09/13","金","21:45","23:45","S0001","HAAAVE.","S0001_R0003","Room3","S0001_SP0003","Room3","1","PG0003","[Room3] 120分","","","0","0","0","0","0","0","0","0","0","0","0%"
"2024/09/13","金","22:15","00:15","S0001","HAAAVE.","S0001_R0001","Room1","S0001_SP0001","Room1","1","PG0001","[Room1] 120分","","","0","0","0","0","0","0","0","0","0","0","0%"
"2024/09/14","土","09:45","11:45","S0001","HAAAVE.","S0001_R0002","Room2","S0001_SP0002","Room2","1","PG0002","[Room2] 120分","","","1","0","0","0","1","0","0","0","1","0","100%"
"2024/09/14","土","10:15","12:15","S0001","HAAAVE.","S0001_R0001","Room1","S0001_SP0001","Room1","1","PG0001","[Room1] 120分","","","0","0","0","0","0","0","0","0","0","0","0%"
"2024/09/14","土","11:00","13:00","S0001","HAAAVE.","S0001_R0003","Room3","S0001_SP0003","Room3","1","PG0003","[Room3] 120分","","","0","0","0","0","0","0","0","0","0","0","0%"
"2024/09/14","土","12:45","14:45","S0001","HAAAVE.","S0001_R0002","Room2","S0001_SP0002","Room2","1","PG0002","[Room2] 120分","","","1","0","0","0","1","0","0","0","1","0","100%"
"2024/09/14","土","13:15","15:15","S0001","HAAAVE.","S0001_R0001","Room1","S0001_SP0001","Room1","1","PG0001","[Room1] 120分","","","1","0","0","0","1","0","0","0","1","0","100%"
"2024/09/14","土","14:30","16:30","S0001","HAAAVE.","S0001_R0003","Room3","S0001_SP0003","Room3","1","PG0003","[Room3] 120分","","","1","0","0","0","1","0","0","0","1","0","100%"
"2024/09/14","土","16:00","18:00","S0001","HAAAVE.","S0001_R0002","Room2","S0001_SP0002","Room2","1","PG0002","[Room2] 120分","","","1","0","0","0","1","0","0","0","1","0","100%"
"2024/09/14","土","16:15","18:15","S0001","HAAAVE.","S0001_R0001","Room1","S0001_SP0001","Room1","1","PG0001","[Room1] 120分","","","1","0","0","0","1","0","0","0","1","0","100%"
"2024/09/14","土","17:45","19:45","S0001","HAAAVE.","S0001_R0003","Room3","S0001_SP0003","Room3","1","PG0003","[Room3] 120分","","","0","0","0","0","0","0","0","0","0","0","0%"
"2024/09/14","土","19:00","21:00","S0001","HAAAVE.","S0001_R0002","Room2","S0001_SP0002","Room2","1","PG0002","[Room2] 120分","","","1","0","0","0","1","0","0","0","1","0","100%"
"2024/09/14","土","19:30","21:30","S0001","HAAAVE.","S0001_R0001","Room1","S0001_SP0001","Room1","1","PG0001","[Room1] 120分","","","1","0","0","0","1","0","0","0","1","0","100%"
"2024/09/14","土","21:15","23:15","S0001","HAAAVE.","S0001_R0003","Room3","S0001_SP0003","Room3","1","PG0003","[Room3] 120分","","","1","0","0","0","1","0","0","0","1","0","100%"
"2024/09/14","土","22:00","00:00","S0001","HAAAVE.","S0001_R0002","Room2","S0001_SP0002","Room2","1","PG0002","[Room2] 120分","","","1","0","0","0","1","0","0","0","1","0","100%"
"2024/09/14","土","22:30","00:30","S0001","HAAAVE.","S0001_R0001","Room1","S0001_SP0001","Room1","1","PG0001","[Room1] 120分","","","1","0","0","1","1","0","0","0","0","0","100%"
"2024/09/15","日","09:45","11:45","S0001","HAAAVE.","S0001_R0002","Room2","S0001_SP0002","Room2","1","PG0002","[Room2] 120分","","","0","0","0","0","0","0","0","0","0","0","0%"
"2024/09/15","日","10:15","12:15","S0001","HAAAVE.","S0001_R0001","Room1","S0001_SP0001","Room1","1","PG0001","[Room1] 120分","","","0","0","0","0","0","0","0","0","0","0","0%"
"2024/09/15","日","11:00","13:00","S0001","HAAAVE.","S0001_R0003","Room3","S0001_SP0003","Room3","1","PG0003","[Room3] 120分","","","0","0","0","0","0","0","0","0","0","0","0%"
"2024/09/15","日","12:45","14:45","S0001","HAAAVE.","S0001_R0002","Room2","S0001_SP0002","Room2","1","PG0002","[Room2] 120分","","","1","0","0","0","1","0","0","0","1","0","100%"
"2024/09/15","日","13:15","15:15","S0001","HAAAVE.","S0001_R0001","Room1","S0001_SP0001","Room1","1","PG0001","[Room1] 120分","","","0","0","0","0","0","0","0","0","0","0","0%"
"2024/09/15","日","14:30","16:30","S0001","HAAAVE.","S0001_R0003","Room3","S0001_SP0003","Room3","1","PG0003","[Room3] 120分","","","1","0","0","1","1","0","0","0","0","0","100%"
"2024/09/15","日","16:00","18:00","S0001","HAAAVE.","S0001_R0002","Room2","S0001_SP0002","Room2","1","PG0002","[Room2] 120分","","","1","0","0","0","1","0","0","0","1","0","100%"
"2024/09/15","日","16:15","18:15","S0001","HAAAVE.","S0001_R0001","Room1","S0001_SP0001","Room1","1","PG0001","[Room1] 120分","","","1","0","0","0","1","0","0","0","1","0","100%"
"2024/09/15","日","17:45","19:45","S0001","HAAAVE.","S0001_R0003","Room3","S0001_SP0003","Room3","1","PG0003","[Room3] 120分","","","1","0","0","1","1","0","0","0","0","0","100%"
"2024/09/15","日","19:00","21:00","S0001","HAAAVE.","S0001_R0002","Room2","S0001_SP0002","Room2","1","PG0002","[Room2] 120分","","","1","0","0","0","1","0","0","0","1","0","100%"
"2024/09/15","日","19:30","21:30","S0001","HAAAVE.","S0001_R0001","Room1","S0001_SP0001","Room1","1","PG0001","[Room1] 120分","","","1","0","0","0","1","0","0","0","1","0","100%"
"2024/09/15","日","21:15","23:15","S0001","HAAAVE.","S0001_R0003","Room3","S0001_SP0003","Room3","1","PG0003","[Room3] 120分","","","1","0","0","0","1","0","0","0","1","0","100%"
"2024/09/15","日","22:00","00:00","S0001","HAAAVE.","S0001_R0002","Room2","S0001_SP0002","Room2","1","PG0002","[Room2] 120分","","","1","0","0","1","1","0","0","0","0","0","100%"
"2024/09/15","日","22:30","00:30","S0001","HAAAVE.","S0001_R0001","Room1","S0001_SP0001","Room1","1","PG0001","[Room1] 120分","","","1","0","0","1","1","0","0","0","0","0","100%"
"2024/09/16","月","10:00","12:00","S0001","HAAAVE.","S0001_R0002","Room2","S0001_SP0002","Room2","1","PG0002","[Room2] 120分","","","1","0","0","0","1","0","0","0","1","0","100%"
"2024/09/16","月","10:30","12:30","S0001","HAAAVE.","S0001_R0001","Room1","S0001_SP0001","Room1","1","PG0001","[Room1] 120分","","","1","0","0","0","1","0","0","0","1","0","100%"
"2024/09/16","月","11:15","13:15","S0001","HAAAVE.","S0001_R0003","Room3","S0001_SP0003","Room3","1","PG0003","[Room3] 120分","","","0","0","0","0","0","0","0","0","0","0","0%"
"2024/09/16","月","13:00","15:00","S0001","HAAAVE.","S0001_R0002","Room2","S0001_SP0002","Room2","1","PG0002","[Room2] 120分","","","1","0","0","0","1","0","0","0","1","0","100%"
"2024/09/16","月","14:30","16:30","S0001","HAAAVE.","S0001_R0001","Room1","S0001_SP0001","Room1","1","PG0001","[Room1] 120分","","","1","0","0","0","1","0","0","0","1","0","100%"
"2024/09/16","月","14:45","16:45","S0001","HAAAVE.","S0001_R0003","Room3","S0001_SP0003","Room3","1","PG0003","[Room3] 120分","","","0","0","0","0","0","0","0","0","0","0","0%"
"2024/09/16","月","16:00","18:00","S0001","HAAAVE.","S0001_R0002","Room2","S0001_SP0002","Room2","1","PG0002","[Room2] 120分","","","1","0","0","0","1","0","0","0","1","0","100%"
"2024/09/16","月","17:45","19:45","S0001","HAAAVE.","S0001_R0001","Room1","S0001_SP0001","Room1","1","PG0001","[Room1] 120分","","","1","0","0","0","1","0","0","0","1","0","100%"
"2024/09/16","月","18:15","20:15","S0001","HAAAVE.","S0001_R0003","Room3","S0001_SP0003","Room3","1","PG0003","[Room3] 120分","","","1","0","0","0","1","0","0","0","1","0","100%"
"2024/09/16","月","19:00","21:00","S0001","HAAAVE.","S0001_R0002","Room2","S0001_SP0002","Room2","1","PG0002","[Room2] 120分","","","1","0","0","1","1","0","0","0","0","0","100%"
"2024/09/16","月","21:30","23:30","S0001","HAAAVE.","S0001_R0001","Room1","S0001_SP0001","Room1","1","PG0001","[Room1] 120分","","","1","0","0","0","1","0","0","0","1","0","100%"
"2024/09/16","月","21:45","23:45","S0001","HAAAVE.","S0001_R0003","Room3","S0001_SP0003","Room3","1","PG0003","[Room3] 120分","","","0","0","0","0","0","0","0","0","0","0","0%"
"2024/09/16","月","22:15","00:15","S0001","HAAAVE.","S0001_R0002","Room2","S0001_SP0002","Room2","1","PG0002","[Room2] 120分","","","1","0","0","0","1","0","0","0","1","0","100%"
"2024/09/17","火","10:00","12:00","S0001","HAAAVE.","S0001_R0002","Room2","S0001_SP0002","Room2","1","PG0002","[Room2] 120分","","","1","0","0","1","1","0","0","0","0","0","100%"
"2024/09/17","火","10:30","12:30","S0001","HAAAVE.","S0001_R0001","Room1","S0001_SP0001","Room1","1","PG0001","[Room1] 120分","","","0","0","0","0","0","0","0","0","0","0","0%"
"2024/09/17","火","11:15","13:15","S0001","HAAAVE.","S0001_R0003","Room3","S0001_SP0003","Room3","1","PG0003","[Room3] 120分","","","0","0","0","0","0","0","0","0","0","0","0%"
"2024/09/17","火","13:00","15:00","S0001","HAAAVE.","S0001_R0002","Room2","S0001_SP0002","Room2","1","PG0002","[Room2] 120分","","","0","0","0","0","0","0","0","0","0","0","0%"
"2024/09/17","火","14:30","16:30","S0001","HAAAVE.","S0001_R0001","Room1","S0001_SP0001","Room1","1","PG0001","[Room1] 120分","","","1","0","0","0","1","0","0","0","1","0","100%"
"2024/09/17","火","14:45","16:45","S0001","HAAAVE.","S0001_R0003","Room3","S0001_SP0003","Room3","1","PG0003","[Room3] 120分","","","0","0","0","0","0","0","0","0","0","0","0%"
"2024/09/17","火","16:00","18:00","S0001","HAAAVE.","S0001_R0002","Room2","S0001_SP0002","Room2","1","PG0002","[Room2] 120分","","","0","0","0","0","0","0","0","0","0","0","0%"
"2024/09/17","火","17:45","19:45","S0001","HAAAVE.","S0001_R0001","Room1","S0001_SP0001","Room1","1","PG0001","[Room1] 120分","","","0","0","0","0","0","0","0","0","0","0","0%"
"2024/09/17","火","18:15","20:15","S0001","HAAAVE.","S0001_R0003","Room3","S0001_SP0003","Room3","1","PG0003","[Room3] 120分","","","1","0","0","0","1","0","0","0","1","0","100%"
"2024/09/17","火","19:00","21:00","S0001","HAAAVE.","S0001_R0002","Room2","S0001_SP0002","Room2","1","PG0002","[Room2] 120分","","","0","0","0","0","0","0","0","0","0","0","0%"
"2024/09/17","火","21:30","23:30","S0001","HAAAVE.","S0001_R0001","Room1","S0001_SP0001","Room1","1","PG0001","[Room1] 120分","","","1","0","0","1","1","0","0","0","0","0","100%"
"2024/09/17","火","21:45","23:45","S0001","HAAAVE.","S0001_R0003","Room3","S0001_SP0003","Room3","1","PG0003","[Room3] 120分","","","0","0","0","0","0","0","0","0","0","0","0%"
"2024/09/17","火","22:15","00:15","S0001","HAAAVE.","S0001_R0002","Room2","S0001_SP0002","Room2","1","PG0002","[Room2] 120分","","","0","0","0","0","0","0","0","0","0","0","0%"
"2024/09/18","水","10:00","12:00","S0001","HAAAVE.","S0001_R0002","Room2","S0001_SP0002","Room2","1","PG0002","[Room2] 120分","","","1","0","0","0","1","0","0","0","1","0","100%"
"2024/09/18","水","10:30","12:30","S0001","HAAAVE.","S0001_R0001","Room1","S0001_SP0001","Room1","1","PG0001","[Room1] 120分","","","1","0","0","0","1","0","0","0","1","0","100%"
"2024/09/18","水","11:15","13:15","S0001","HAAAVE.","S0001_R0003","Room3","S0001_SP0003","Room3","1","PG0003","[Room3] 120分","","","0","0","0","0","0","0","0","0","0","0","0%"
"2024/09/18","水","13:00","15:00","S0001","HAAAVE.","S0001_R0002","Room2","S0001_SP0002","Room2","1","PG0002","[Room2] 120分","","","0","0","0","0","0","0","0","0","0","0","0%"
"2024/09/18","水","14:30","16:30","S0001","HAAAVE.","S0001_R0001","Room1","S0001_SP0001","Room1","1","PG0001","[Room1] 120分","","","0","0","0","0","0","0","0","0","0","0","0%"
"2024/09/18","水","14:45","16:45","S0001","HAAAVE.","S0001_R0003","Room3","S0001_SP0003","Room3","1","PG0003","[Room3] 120分","","","0","0","0","0","0","0","0","0","0","0","0%"
"2024/09/18","水","16:00","18:00","S0001","HAAAVE.","S0001_R0002","Room2","S0001_SP0002","Room2","1","PG0002","[Room2] 120分","","","0","0","0","0","0","0","0","0","0","0","0%"
"2024/09/18","水","17:45","19:45","S0001","HAAAVE.","S0001_R0001","Room1","S0001_SP0001","Room1","1","PG0001","[Room1] 120分","","","0","0","0","0","0","0","0","0","0","0","0%"
"2024/09/18","水","18:15","20:15","S0001","HAAAVE.","S0001_R0003","Room3","S0001_SP0003","Room3","1","PG0003","[Room3] 120分","","","0","0","0","0","0","0","0","0","0","0","0%"
"2024/09/18","水","19:00","21:00","S0001","HAAAVE.","S0001_R0002","Room2","S0001_SP0002","Room2","1","PG0002","[Room2] 120分","","","0","0","0","0","0","0","0","0","0","0","0%"
"2024/09/18","水","21:30","23:30","S0001","HAAAVE.","S0001_R0001","Room1","S0001_SP0001","Room1","1","PG0001","[Room1] 120分","","","1","0","0","0","1","0","0","0","1","0","100%"
"2024/09/18","水","21:45","23:45","S0001","HAAAVE.","S0001_R0003","Room3","S0001_SP0003","Room3","1","PG0003","[Room3] 120分","","","0","0","0","0","0","0","0","0","0","0","0%"
"2024/09/18","水","22:15","00:15","S0001","HAAAVE.","S0001_R0002","Room2","S0001_SP0002","Room2","1","PG0002","[Room2] 120分","","","1","0","0","0","1","0","0","0","1","0","100%"
"2024/09/19","木","10:00","12:00","S0001","HAAAVE.","S0001_R0002","Room2","S0001_SP0002","Room2","1","PG0002","[Room2] 120分","","","0","0","0","0","0","0","0","0","0","0","0%"
"2024/09/19","木","10:30","12:30","S0001","HAAAVE.","S0001_R0001","Room1","S0001_SP0001","Room1","1","PG0001","[Room1] 120分","","","0","0","0","0","0","0","0","0","0","0","0%"
"2024/09/19","木","11:15","13:15","S0001","HAAAVE.","S0001_R0003","Room3","S0001_SP0003","Room3","1","PG0003","[Room3] 120分","","","0","0","0","0","0","0","0","0","0","0","0%"
"2024/09/19","木","13:00","15:00","S0001","HAAAVE.","S0001_R0002","Room2","S0001_SP0002","Room2","1","PG0002","[Room2] 120分","","","0","0","0","0","0","0","0","0","0","0","0%"
"2024/09/19","木","14:30","16:30","S0001","HAAAVE.","S0001_R0001","Room1","S0001_SP0001","Room1","1","PG0001","[Room1] 120分","","","1","0","0","0","1","0","0","0","1","0","100%"
"2024/09/19","木","14:45","16:45","S0001","HAAAVE.","S0001_R0003","Room3","S0001_SP0003","Room3","1","PG0003","[Room3] 120分","","","0","0","0","0","0","0","0","0","0","0","0%"
"2024/09/19","木","16:00","18:00","S0001","HAAAVE.","S0001_R0002","Room2","S0001_SP0002","Room2","1","PG0002","[Room2] 120分","","","1","0","0","1","0","0","1","0","0","0","0%"
"2024/09/19","木","17:45","19:45","S0001","HAAAVE.","S0001_R0001","Room1","S0001_SP0001","Room1","1","PG0001","[Room1] 120分","","","1","0","0","0","1","0","0","0","1","0","100%"
"2024/09/19","木","18:15","20:15","S0001","HAAAVE.","S0001_R0003","Room3","S0001_SP0003","Room3","1","PG0003","[Room3] 120分","","","1","0","0","0","1","0","0","0","1","0","100%"
"2024/09/19","木","19:00","21:00","S0001","HAAAVE.","S0001_R0002","Room2","S0001_SP0002","Room2","1","PG0002","[Room2] 120分","","","0","0","0","0","0","0","0","0","0","0","0%"
"2024/09/19","木","21:30","23:30","S0001","HAAAVE.","S0001_R0001","Room1","S0001_SP0001","Room1","1","PG0001","[Room1] 120分","","","0","0","0","0","0","0","0","0","0","0","0%"
"2024/09/19","木","21:45","23:45","S0001","HAAAVE.","S0001_R0003","Room3","S0001_SP0003","Room3","1","PG0003","[Room3] 120分","","","0","0","0","0","0","0","0","0","0","0","0%"
"2024/09/19","木","22:15","00:15","S0001","HAAAVE.","S0001_R0002","Room2","S0001_SP0002","Room2","1","PG0002","[Room2] 120分","","","1","0","0","1","1","0","0","0","0","0","100%"
"2024/09/20","金","10:00","12:00","S0001","HAAAVE.","S0001_R0002","Room2","S0001_SP0002","Room2","1","PG0002","[Room2] 120分","","","0","0","0","0","0","0","0","0","0","0","0%"
"2024/09/20","金","10:30","12:30","S0001","HAAAVE.","S0001_R0001","Room1","S0001_SP0001","Room1","1","PG0001","[Room1] 120分","","","1","0","0","0","1","0","0","0","1","0","100%"
"2024/09/20","金","11:15","13:15","S0001","HAAAVE.","S0001_R0003","Room3","S0001_SP0003","Room3","1","PG0003","[Room3] 120分","","","0","0","0","0","0","0","0","0","0","0","0%"
"2024/09/20","金","13:00","15:00","S0001","HAAAVE.","S0001_R0002","Room2","S0001_SP0002","Room2","1","PG0002","[Room2] 120分","","","0","0","0","0","0","0","0","0","0","0","0%"
"2024/09/20","金","14:30","16:30","S0001","HAAAVE.","S0001_R0001","Room1","S0001_SP0001","Room1","1","PG0001","[Room1] 120分","","","0","0","0","0","0","0","0","0","0","0","0%"
"2024/09/20","金","14:45","16:45","S0001","HAAAVE.","S0001_R0003","Room3","S0001_SP0003","Room3","1","PG0003","[Room3] 120分","","","1","0","0","1","1","0","0","0","0","0","100%"
"2024/09/20","金","16:00","18:00","S0001","HAAAVE.","S0001_R0002","Room2","S0001_SP0002","Room2","1","PG0002","[Room2] 120分","","","1","0","0","1","1","0","0","0","0","0","100%"
"2024/09/20","金","17:45","19:45","S0001","HAAAVE.","S0001_R0001","Room1","S0001_SP0001","Room1","1","PG0001","[Room1] 120分","","","1","0","0","0","1","0","0","0","1","0","100%"
"2024/09/20","金","18:15","20:15","S0001","HAAAVE.","S0001_R0003","Room3","S0001_SP0003","Room3","1","PG0003","[Room3] 120分","","","0","0","0","0","0","0","0","0","0","0","0%"
"2024/09/20","金","19:00","21:00","S0001","HAAAVE.","S0001_R0002","Room2","S0001_SP0002","Room2","1","PG0002","[Room2] 120分","","","0","0","0","0","0","0","0","0","0","0","0%"
"2024/09/20","金","21:30","23:30","S0001","HAAAVE.","S0001_R0001","Room1","S0001_SP0001","Room1","1","PG0001","[Room1] 120分","","","1","0","0","0","1","0","0","0","1","0","100%"
"2024/09/20","金","21:45","23:45","S0001","HAAAVE.","S0001_R0003","Room3","S0001_SP0003","Room3","1","PG0003","[Room3] 120分","","","0","0","0","0","0","0","0","0","0","0","0%"
"2024/09/20","金","22:15","00:15","S0001","HAAAVE.","S0001_R0002","Room2","S0001_SP0002","Room2","1","PG0002","[Room2] 120分","","","0","0","0","0","0","0","0","0","0","0","0%"
"2024/09/21","土","09:45","11:45","S0001","HAAAVE.","S0001_R0001","Room1","S0001_SP0001","Room1","1","PG0001","[Room1] 120分","","","0","0","0","0","0","0","0","0","0","0","0%"
"2024/09/21","土","10:15","12:15","S0001","HAAAVE.","S0001_R0002","Room2","S0001_SP0002","Room2","1","PG0002","[Room2] 120分","","","0","0","0","0","0","0","0","0","0","0","0%"
"2024/09/21","土","11:00","13:00","S0001","HAAAVE.","S0001_R0003","Room3","S0001_SP0003","Room3","1","PG0003","[Room3] 120分","","","0","0","0","0","0","0","0","0","0","0","0%"
"2024/09/21","土","12:45","14:45","S0001","HAAAVE.","S0001_R0001","Room1","S0001_SP0001","Room1","1","PG0001","[Room1] 120分","","","1","0","0","0","1","0","0","0","1","0","100%"
"2024/09/21","土","13:15","15:15","S0001","HAAAVE.","S0001_R0002","Room2","S0001_SP0002","Room2","1","PG0002","[Room2] 120分","","","1","0","0","0","1","0","0","0","1","0","100%"
"2024/09/21","土","14:30","16:30","S0001","HAAAVE.","S0001_R0003","Room3","S0001_SP0003","Room3","1","PG0003","[Room3] 120分","","","1","0","0","1","1","0","0","0","0","0","100%"
"2024/09/21","土","16:00","18:00","S0001","HAAAVE.","S0001_R0001","Room1","S0001_SP0001","Room1","1","PG0001","[Room1] 120分","","","1","0","0","0","1","0","0","0","1","0","100%"
"2024/09/21","土","16:15","18:15","S0001","HAAAVE.","S0001_R0002","Room2","S0001_SP0002","Room2","1","PG0002","[Room2] 120分","","","1","0","0","1","1","0","0","0","0","0","100%"
"2024/09/21","土","17:45","19:45","S0001","HAAAVE.","S0001_R0003","Room3","S0001_SP0003","Room3","1","PG0003","[Room3] 120分","","","1","0","0","0","1","0","0","0","1","0","100%"
"2024/09/21","土","19:00","21:00","S0001","HAAAVE.","S0001_R0001","Room1","S0001_SP0001","Room1","1","PG0001","[Room1] 120分","","","0","0","0","0","0","0","0","0","0","0","0%"
"2024/09/21","土","19:30","21:30","S0001","HAAAVE.","S0001_R0002","Room2","S0001_SP0002","Room2","1","PG0002","[Room2] 120分","","","1","0","0","0","1","0","0","0","1","0","100%"
"2024/09/21","土","21:15","23:15","S0001","HAAAVE.","S0001_R0003","Room3","S0001_SP0003","Room3","1","PG0003","[Room3] 120分","","","0","0","0","0","0","0","0","0","0","0","0%"
"2024/09/21","土","22:00","00:00","S0001","HAAAVE.","S0001_R0001","Room1","S0001_SP0001","Room1","1","PG0001","[Room1] 120分","","","1","0","0","0","1","0","0","0","1","0","100%"
"2024/09/21","土","22:30","00:30","S0001","HAAAVE.","S0001_R0002","Room2","S0001_SP0002","Room2","1","PG0002","[Room2] 120分","","","1","0","0","1","1","0","0","0","0","0","100%"
"2024/09/22","日","09:45","11:45","S0001","HAAAVE.","S0001_R0001","Room1","S0001_SP0001","Room1","1","PG0001","[Room1] 120分","","","0","0","0","0","0","0","0","0","0","0","0%"
"2024/09/22","日","10:15","12:15","S0001","HAAAVE.","S0001_R0002","Room2","S0001_SP0002","Room2","1","PG0002","[Room2] 120分","","","0","0","0","0","0","0","0","0","0","0","0%"
"2024/09/22","日","11:00","13:00","S0001","HAAAVE.","S0001_R0003","Room3","S0001_SP0003","Room3","1","PG0003","[Room3] 120分","","","1","0","0","1","1","0","0","0","0","0","100%"
"2024/09/22","日","12:45","14:45","S0001","HAAAVE.","S0001_R0001","Room1","S0001_SP0001","Room1","1","PG0001","[Room1] 120分","","","0","0","0","0","0","0","0","0","0","0","0%"
"2024/09/22","日","13:15","15:15","S0001","HAAAVE.","S0001_R0002","Room2","S0001_SP0002","Room2","1","PG0002","[Room2] 120分","","","1","0","0","0","1","0","0","0","1","0","100%"
"2024/09/22","日","14:30","16:30","S0001","HAAAVE.","S0001_R0003","Room3","S0001_SP0003","Room3","1","PG0003","[Room3] 120分","","","1","0","0","1","1","0","0","0","0","0","100%"
"2024/09/22","日","16:00","18:00","S0001","HAAAVE.","S0001_R0001","Room1","S0001_SP0001","Room1","1","PG0001","[Room1] 120分","","","1","0","0","0","1","0","0","0","1","0","100%"
"2024/09/22","日","16:15","18:15","S0001","HAAAVE.","S0001_R0002","Room2","S0001_SP0002","Room2","1","PG0002","[Room2] 120分","","","1","0","0","0","1","0","0","0","1","0","100%"
"2024/09/22","日","17:45","19:45","S0001","HAAAVE.","S0001_R0003","Room3","S0001_SP0003","Room3","1","PG0003","[Room3] 120分","","","0","0","0","0","0","0","0","0","0","0","0%"
"2024/09/22","日","19:00","21:00","S0001","HAAAVE.","S0001_R0001","Room1","S0001_SP0001","Room1","1","PG0001","[Room1] 120分","","","1","0","0","0","1","0","0","0","1","0","100%"
"2024/09/22","日","19:30","21:30","S0001","HAAAVE.","S0001_R0002","Room2","S0001_SP0002","Room2","1","PG0002","[Room2] 120分","","","1","0","0","0","1","0","0","0","1","0","100%"
"2024/09/22","日","21:15","23:15","S0001","HAAAVE.","S0001_R0003","Room3","S0001_SP0003","Room3","1","PG0003","[Room3] 120分","","","0","0","0","0","0","0","0","0","0","0","0%"
"2024/09/22","日","22:00","00:00","S0001","HAAAVE.","S0001_R0001","Room1","S0001_SP0001","Room1","1","PG0001","[Room1] 120分","","","1","0","0","0","0","0","1","0","1","0","0%"
"2024/09/22","日","22:30","00:30","S0001","HAAAVE.","S0001_R0002","Room2","S0001_SP0002","Room2","1","PG0002","[Room2] 120分","","","1","0","0","0","1","0","0","0","1","0","100%"
"2024/09/23","月","10:00","12:00","S0001","HAAAVE.","S0001_R0001","Room1","S0001_SP0001","Room1","1","PG0001","[Room1] 120分","","","1","0","0","1","1","0","0","0","0","0","100%"
"2024/09/23","月","10:30","12:30","S0001","HAAAVE.","S0001_R0002","Room2","S0001_SP0002","Room2","1","PG0002","[Room2] 120分","","","0","0","0","0","0","0","0","0","0","0","0%"
"2024/09/23","月","11:15","13:15","S0001","HAAAVE.","S0001_R0003","Room3","S0001_SP0003","Room3","1","PG0003","[Room3] 120分","","","0","0","0","0","0","0","0","0","0","0","0%"
"2024/09/23","月","13:00","15:00","S0001","HAAAVE.","S0001_R0001","Room1","S0001_SP0001","Room1","1","PG0001","[Room1] 120分","","","1","0","0","0","1","0","0","0","1","0","100%"
"2024/09/23","月","14:30","16:30","S0001","HAAAVE.","S0001_R0002","Room2","S0001_SP0002","Room2","1","PG0002","[Room2] 120分","","","1","0","0","0","1","0","0","0","1","0","100%"
"2024/09/23","月","14:45","16:45","S0001","HAAAVE.","S0001_R0003","Room3","S0001_SP0003","Room3","1","PG0003","[Room3] 120分","","","0","0","0","0","0","0","0","0","0","0","0%"
"2024/09/23","月","16:00","18:00","S0001","HAAAVE.","S0001_R0001","Room1","S0001_SP0001","Room1","1","PG0001","[Room1] 120分","","","1","0","0","0","1","0","0","0","1","0","100%"
"2024/09/23","月","17:45","19:45","S0001","HAAAVE.","S0001_R0002","Room2","S0001_SP0002","Room2","1","PG0002","[Room2] 120分","","","1","0","0","0","1","0","0","0","1","0","100%"
"2024/09/23","月","18:15","20:15","S0001","HAAAVE.","S0001_R0003","Room3","S0001_SP0003","Room3","1","PG0003","[Room3] 120分","","","0","0","0","0","0","0","0","0","0","0","0%"
"2024/09/23","月","19:00","21:00","S0001","HAAAVE.","S0001_R0001","Room1","S0001_SP0001","Room1","1","PG0001","[Room1] 120分","","","1","0","0","0","1","0","0","0","1","0","100%"
"2024/09/23","月","21:30","23:30","S0001","HAAAVE.","S0001_R0002","Room2","S0001_SP0002","Room2","1","PG0002","[Room2] 120分","","","1","0","0","0","1","0","0","0","1","0","100%"
"2024/09/23","月","21:45","23:45","S0001","HAAAVE.","S0001_R0003","Room3","S0001_SP0003","Room3","1","PG0003","[Room3] 120分","","","1","0","0","0","1","0","0","0","1","0","100%"
"2024/09/23","月","22:15","00:15","S0001","HAAAVE.","S0001_R0001","Room1","S0001_SP0001","Room1","1","PG0001","[Room1] 120分","","","1","0","0","0","1","0","0","0","1","0","100%"
"2024/09/24","火","10:00","12:00","S0001","HAAAVE.","S0001_R0001","Room1","S0001_SP0001","Room1","1","PG0001","[Room1] 120分","","","0","0","0","0","0","0","0","0","0","0","0%"
"2024/09/24","火","10:30","12:30","S0001","HAAAVE.","S0001_R0002","Room2","S0001_SP0002","Room2","1","PG0002","[Room2] 120分","","","0","0","0","0","0","0","0","0","0","0","0%"
"2024/09/24","火","11:15","13:15","S0001","HAAAVE.","S0001_R0003","Room3","S0001_SP0003","Room3","1","PG0003","[Room3] 120分","","","0","0","0","0","0","0","0","0","0","0","0%"
"2024/09/24","火","13:00","15:00","S0001","HAAAVE.","S0001_R0001","Room1","S0001_SP0001","Room1","1","PG0001","[Room1] 120分","","","0","0","0","0","0","0","0","0","0","0","0%"
"2024/09/24","火","14:30","16:30","S0001","HAAAVE.","S0001_R0002","Room2","S0001_SP0002","Room2","1","PG0002","[Room2] 120分","","","0","0","0","0","0","0","0","0","0","0","0%"
"2024/09/24","火","14:45","16:45","S0001","HAAAVE.","S0001_R0003","Room3","S0001_SP0003","Room3","1","PG0003","[Room3] 120分","","","0","0","0","0","0","0","0","0","0","0","0%"
"2024/09/24","火","16:00","18:00","S0001","HAAAVE.","S0001_R0001","Room1","S0001_SP0001","Room1","1","PG0001","[Room1] 120分","","","0","0","0","0","0","0","0","0","0","0","0%"
"2024/09/24","火","17:45","19:45","S0001","HAAAVE.","S0001_R0002","Room2","S0001_SP0002","Room2","1","PG0002","[Room2] 120分","","","0","0","0","0","0","0","0","0","0","0","0%"
"2024/09/24","火","18:15","20:15","S0001","HAAAVE.","S0001_R0003","Room3","S0001_SP0003","Room3","1","PG0003","[Room3] 120分","","","0","0","0","0","0","0","0","0","0","0","0%"
"2024/09/24","火","19:00","21:00","S0001","HAAAVE.","S0001_R0001","Room1","S0001_SP0001","Room1","1","PG0001","[Room1] 120分","","","1","0","0","0","1","0","0","0","1","0","100%"
"2024/09/24","火","21:30","23:30","S0001","HAAAVE.","S0001_R0002","Room2","S0001_SP0002","Room2","1","PG0002","[Room2] 120分","","","1","0","0","1","1","0","0","0","0","0","100%"
"2024/09/24","火","21:45","23:45","S0001","HAAAVE.","S0001_R0003","Room3","S0001_SP0003","Room3","1","PG0003","[Room3] 120分","","","1","0","0","0","1","0","0","0","1","0","100%"
"2024/09/24","火","22:15","00:15","S0001","HAAAVE.","S0001_R0001","Room1","S0001_SP0001","Room1","1","PG0001","[Room1] 120分","","","1","0","0","1","1","0","0","0","0","0","100%"
"2024/09/25","水","10:00","12:00","S0001","HAAAVE.","S0001_R0001","Room1","S0001_SP0001","Room1","1","PG0001","[Room1] 120分","","","0","0","0","0","0","0","0","0","0","0","0%"
"2024/09/25","水","10:30","12:30","S0001","HAAAVE.","S0001_R0002","Room2","S0001_SP0002","Room2","1","PG0002","[Room2] 120分","","","0","0","0","0","0","0","0","0","0","0","0%"
"2024/09/25","水","11:15","13:15","S0001","HAAAVE.","S0001_R0003","Room3","S0001_SP0003","Room3","1","PG0003","[Room3] 120分","","","0","0","0","0","0","0","0","0","0","0","0%"
"2024/09/25","水","13:00","15:00","S0001","HAAAVE.","S0001_R0001","Room1","S0001_SP0001","Room1","1","PG0001","[Room1] 120分","","","0","0","0","0","0","0","0","0","0","0","0%"
"2024/09/25","水","14:30","16:30","S0001","HAAAVE.","S0001_R0002","Room2","S0001_SP0002","Room2","1","PG0002","[Room2] 120分","","","1","0","0","0","1","0","0","0","1","0","100%"
"2024/09/25","水","14:45","16:45","S0001","HAAAVE.","S0001_R0003","Room3","S0001_SP0003","Room3","1","PG0003","[Room3] 120分","","","1","0","0","1","0","0","1","0","0","0","0%"
"2024/09/25","水","16:00","18:00","S0001","HAAAVE.","S0001_R0001","Room1","S0001_SP0001","Room1","1","PG0001","[Room1] 120分","","","1","0","0","0","1","0","0","0","1","0","100%"
"2024/09/25","水","17:45","19:45","S0001","HAAAVE.","S0001_R0002","Room2","S0001_SP0002","Room2","1","PG0002","[Room2] 120分","","","1","0","0","0","1","0","0","0","1","0","100%"
"2024/09/25","水","18:15","20:15","S0001","HAAAVE.","S0001_R0003","Room3","S0001_SP0003","Room3","1","PG0003","[Room3] 120分","","","1","0","0","1","1","0","0","0","0","0","100%"
"2024/09/25","水","19:00","21:00","S0001","HAAAVE.","S0001_R0001","Room1","S0001_SP0001","Room1","1","PG0001","[Room1] 120分","","","1","0","0","0","1","0","0","0","1","0","100%"
"2024/09/25","水","21:30","23:30","S0001","HAAAVE.","S0001_R0002","Room2","S0001_SP0002","Room2","1","PG0002","[Room2] 120分","","","0","0","0","0","0","0","0","0","0","0","0%"
"2024/09/25","水","21:45","23:45","S0001","HAAAVE.","S0001_R0003","Room3","S0001_SP0003","Room3","1","PG0003","[Room3] 120分","","","1","0","0","1","0","0","1","0","0","0","0%"
"2024/09/25","水","22:15","00:15","S0001","HAAAVE.","S0001_R0001","Room1","S0001_SP0001","Room1","1","PG0001","[Room1] 120分","","","0","0","0","0","0","0","0","0","0","0","0%"
"2024/09/26","木","10:00","12:00","S0001","HAAAVE.","S0001_R0001","Room1","S0001_SP0001","Room1","1","PG0001","[Room1] 120分","","","1","0","0","0","1","0","0","0","1","0","100%"
"2024/09/26","木","10:30","12:30","S0001","HAAAVE.","S0001_R0002","Room2","S0001_SP0002","Room2","1","PG0002","[Room2] 120分","","","0","0","0","0","0","0","0","0","0","0","0%"
"2024/09/26","木","11:15","13:15","S0001","HAAAVE.","S0001_R0003","Room3","S0001_SP0003","Room3","1","PG0003","[Room3] 120分","","","0","0","0","0","0","0","0","0","0","0","0%"
"2024/09/26","木","13:00","15:00","S0001","HAAAVE.","S0001_R0001","Room1","S0001_SP0001","Room1","1","PG0001","[Room1] 120分","","","0","0","0","0","0","0","0","0","0","0","0%"
"2024/09/26","木","14:30","16:30","S0001","HAAAVE.","S0001_R0002","Room2","S0001_SP0002","Room2","1","PG0002","[Room2] 120分","","","0","0","0","0","0","0","0","0","0","0","0%"
"2024/09/26","木","14:45","16:45","S0001","HAAAVE.","S0001_R0003","Room3","S0001_SP0003","Room3","1","PG0003","[Room3] 120分","","","0","0","0","0","0","0","0","0","0","0","0%"
"2024/09/26","木","16:00","18:00","S0001","HAAAVE.","S0001_R0001","Room1","S0001_SP0001","Room1","1","PG0001","[Room1] 120分","","","1","0","0","0","1","0","0","0","1","0","100%"
"2024/09/26","木","17:45","19:45","S0001","HAAAVE.","S0001_R0002","Room2","S0001_SP0002","Room2","1","PG0002","[Room2] 120分","","","1","0","0","0","1","0","0","0","1","0","100%"
"2024/09/26","木","18:15","20:15","S0001","HAAAVE.","S0001_R0003","Room3","S0001_SP0003","Room3","1","PG0003","[Room3] 120分","","","0","0","0","0","0","0","0","0","0","0","0%"
"2024/09/26","木","19:00","21:00","S0001","HAAAVE.","S0001_R0001","Room1","S0001_SP0001","Room1","1","PG0001","[Room1] 120分","","","1","0","0","0","1","0","0","0","1","0","100%"
"2024/09/26","木","21:30","23:30","S0001","HAAAVE.","S0001_R0002","Room2","S0001_SP0002","Room2","1","PG0002","[Room2] 120分","","","0","0","0","0","0","0","0","0","0","0","0%"
"2024/09/26","木","21:45","23:45","S0001","HAAAVE.","S0001_R0003","Room3","S0001_SP0003","Room3","1","PG0003","[Room3] 120分","","","0","0","0","0","0","0","0","0","0","0","0%"
"2024/09/26","木","22:15","00:15","S0001","HAAAVE.","S0001_R0001","Room1","S0001_SP0001","Room1","1","PG0001","[Room1] 120分","","","1","0","0","1","1","0","0","0","0","0","100%"
"2024/09/28","土","09:45","11:45","S0001","HAAAVE.","S0001_R0002","Room2","S0001_SP0002","Room2","1","PG0002","[Room2] 120分","","","0","0","0","0","0","0","0","0","0","0","0%"
"2024/09/28","土","10:15","12:15","S0001","HAAAVE.","S0001_R0001","Room1","S0001_SP0001","Room1","1","PG0001","[Room1] 120分","","","0","0","0","0","0","0","0","0","0","0","0%"
"2024/09/28","土","11:00","13:00","S0001","HAAAVE.","S0001_R0003","Room3","S0001_SP0003","Room3","1","PG0003","[Room3] 120分","","","0","0","0","0","0","0","0","0","0","0","0%"
"2024/09/28","土","12:45","14:45","S0001","HAAAVE.","S0001_R0002","Room2","S0001_SP0002","Room2","1","PG0002","[Room2] 120分","","","0","0","0","0","0","0","0","0","0","0","0%"
"2024/09/28","土","13:15","15:15","S0001","HAAAVE.","S0001_R0001","Room1","S0001_SP0001","Room1","1","PG0001","[Room1] 120分","","","0","0","0","0","0","0","0","0","0","0","0%"
"2024/09/28","土","14:30","16:30","S0001","HAAAVE.","S0001_R0003","Room3","S0001_SP0003","Room3","1","PG0003","[Room3] 120分","","","1","0","0","1","1","0","0","0","0","0","100%"
"2024/09/28","土","16:00","18:00","S0001","HAAAVE.","S0001_R0002","Room2","S0001_SP0002","Room2","1","PG0002","[Room2] 120分","","","0","0","0","0","0","0","0","0","0","0","0%"
"2024/09/28","土","16:15","18:15","S0001","HAAAVE.","S0001_R0001","Room1","S0001_SP0001","Room1","1","PG0001","[Room1] 120分","","","0","0","0","0","0","0","0","0","0","0","0%"
"2024/09/28","土","17:45","19:45","S0001","HAAAVE.","S0001_R0003","Room3","S0001_SP0003","Room3","1","PG0003","[Room3] 120分","","","1","0","0","0","1","0","0","0","1","0","100%"
"2024/09/28","土","19:00","21:00","S0001","HAAAVE.","S0001_R0002","Room2","S0001_SP0002","Room2","1","PG0002","[Room2] 120分","","","1","0","0","0","1","0","0","0","1","0","100%"
"2024/09/28","土","19:30","21:30","S0001","HAAAVE.","S0001_R0001","Room1","S0001_SP0001","Room1","1","PG0001","[Room1] 120分","","","0","0","0","0","0","0","0","0","0","0","0%"
"2024/09/28","土","21:15","23:15","S0001","HAAAVE.","S0001_R0003","Room3","S0001_SP0003","Room3","1","PG0003","[Room3] 120分","","","1","0","0","1","1","0","0","0","0","0","100%"
"2024/09/28","土","22:00","00:00","S0001","HAAAVE.","S0001_R0002","Room2","S0001_SP0002","Room2","1","PG0002","[Room2] 120分","","","1","0","0","0","1","0","0","0","1","0","100%"
"2024/09/28","土","22:30","00:30","S0001","HAAAVE.","S0001_R0001","Room1","S0001_SP0001","Room1","1","PG0001","[Room1] 120分","","","1","0","0","0","1","0","0","0","1","0","100%"
"2024/09/29","日","09:45","11:45","S0001","HAAAVE.","S0001_R0002","Room2","S0001_SP0002","Room2","1","PG0002","[Room2] 120分","","","0","0","0","0","0","0","0","0","0","0","0%"
"2024/09/29","日","10:15","12:15","S0001","HAAAVE.","S0001_R0001","Room1","S0001_SP0001","Room1","1","PG0001","[Room1] 120分","","","0","0","0","0","0","0","0","0","0","0","0%"
"2024/09/29","日","11:00","13:00","S0001","HAAAVE.","S0001_R0003","Room3","S0001_SP0003","Room3","1","PG0003","[Room3] 120分","","","0","0","0","0","0","0","0","0","0","0","0%"
"2024/09/29","日","12:45","14:45","S0001","HAAAVE.","S0001_R0002","Room2","S0001_SP0002","Room2","1","PG0002","[Room2] 120分","","","1","0","0","1","1","0","0","0","0","0","100%"
"2024/09/29","日","13:15","15:15","S0001","HAAAVE.","S0001_R0001","Room1","S0001_SP0001","Room1","1","PG0001","[Room1] 120分","","","1","0","0","0","1","0","0","0","1","0","100%"
"2024/09/29","日","14:30","16:30","S0001","HAAAVE.","S0001_R0003","Room3","S0001_SP0003","Room3","1","PG0003","[Room3] 120分","","","1","0","0","1","1","0","0","0","0","0","100%"
"2024/09/29","日","16:00","18:00","S0001","HAAAVE.","S0001_R0002","Room2","S0001_SP0002","Room2","1","PG0002","[Room2] 120分","","","1","0","0","0","1","0","0","0","1","0","100%"
"2024/09/29","日","16:15","18:15","S0001","HAAAVE.","S0001_R0001","Room1","S0001_SP0001","Room1","1","PG0001","[Room1] 120分","","","1","0","0","0","1","0","0","0","1","0","100%"
"2024/09/29","日","17:45","19:45","S0001","HAAAVE.","S0001_R0003","Room3","S0001_SP0003","Room3","1","PG0003","[Room3] 120分","","","1","0","0","1","1","0","0","0","0","0","100%"
"2024/09/29","日","19:00","21:00","S0001","HAAAVE.","S0001_R0002","Room2","S0001_SP0002","Room2","1","PG0002","[Room2] 120分","","","1","0","0","1","0","0","1","0","0","0","0%"
"2024/09/29","日","19:30","21:30","S0001","HAAAVE.","S0001_R0001","Room1","S0001_SP0001","Room1","1","PG0001","[Room1] 120分","","","1","0","0","1","0","0","1","0","0","0","0%"
"2024/09/29","日","21:15","23:15","S0001","HAAAVE.","S0001_R0003","Room3","S0001_SP0003","Room3","1","PG0003","[Room3] 120分","","","0","0","0","0","0","0","0","0","0","0","0%"
"2024/09/29","日","22:00","00:00","S0001","HAAAVE.","S0001_R0002","Room2","S0001_SP0002","Room2","1","PG0002","[Room2] 120分","","","1","0","0","0","1","0","0","0","1","0","100%"
"2024/09/29","日","22:30","00:30","S0001","HAAAVE.","S0001_R0001","Room1","S0001_SP0001","Room1","1","PG0001","[Room1] 120分","","","1","0","0","0","1","0","0","0","1","0","100%"
"2024/09/30","月","10:00","12:00","S0001","HAAAVE.","S0001_R0002","Room2","S0001_SP0002","Room2","1","PG0002","[Room2] 120分","","","0","0","0","0","0","0","0","0","0","0","0%"
"2024/09/30","月","10:30","12:30","S0001","HAAAVE.","S0001_R0001","Room1","S0001_SP0001","Room1","1","PG0001","[Room1] 120分","","","0","0","0","0","0","0","0","0","0","0","0%"
"2024/09/30","月","11:15","13:15","S0001","HAAAVE.","S0001_R0003","Room3","S0001_SP0003","Room3","1","PG0003","[Room3] 120分","","","0","0","0","0","0","0","0","0","0","0","0%"
"2024/09/30","月","13:00","15:00","S0001","HAAAVE.","S0001_R0002","Room2","S0001_SP0002","Room2","1","PG0002","[Room2] 120分","","","0","0","0","0","0","0","0","0","0","0","0%"
"2024/09/30","月","14:30","16:30","S0001","HAAAVE.","S0001_R0001","Room1","S0001_SP0001","Room1","1","PG0001","[Room1] 120分","","","0","0","0","0","0","0","0","0","0","0","0%"
"2024/09/30","月","14:45","16:45","S0001","HAAAVE.","S0001_R0003","Room3","S0001_SP0003","Room3","1","PG0003","[Room3] 120分","","","0","0","0","0","0","0","0","0","0","0","0%"
"2024/09/30","月","16:00","18:00","S0001","HAAAVE.","S0001_R0002","Room2","S0001_SP0002","Room2","1","PG0002","[Room2] 120分","","","0","0","0","0","0","0","0","0","0","0","0%"
"2024/09/30","月","17:45","19:45","S0001","HAAAVE.","S0001_R0001","Room1","S0001_SP0001","Room1","1","PG0001","[Room1] 120分","","","1","0","0","0","1","0","0","0","1","0","100%"
"2024/09/30","月","18:15","20:15","S0001","HAAAVE.","S0001_R0003","Room3","S0001_SP0003","Room3","1","PG0003","[Room3] 120分","","","0","0","0","0","0","0","0","0","0","0","0%"
"2024/09/30","月","19:00","21:00","S0001","HAAAVE.","S0001_R0002","Room2","S0001_SP0002","Room2","1","PG0002","[Room2] 120分","","","0","0","0","0","0","0","0","0","0","0","0%"
"2024/09/30","月","21:30","23:30","S0001","HAAAVE.","S0001_R0001","Room1","S0001_SP0001","Room1","1","PG0001","[Room1] 120分","","","1","0","0","0","1","0","0","0","1","0","100%"
"2024/09/30","月","21:45","23:45","S0001","HAAAVE.","S0001_R0003","Room3","S0001_SP0003","Room3","1","PG0003","[Room3] 120分","","","1","0","0","0","1","0","0","0","1","0","100%"
"2024/09/30","月","22:15","00:15","S0001","HAAAVE.","S0001_R0002","Room2","S0001_SP0002","Room2","1","PG0002","[Room2] 120分","","","0","0","0","0","0","0","0","0","0","0","0%"
